<?xml version="1.0" encoding="UTF-8"?>
<configurationDescriptor version="62">
  <logicalFolder name="root" displayName="root" projectFiles="true">
    <logicalFolder name="HeaderFiles"
                   displayName="Header Files"
                   projectFiles="true">
      <itemPath>../../../src/WorldServer/WorldServer.h</itemPath>
    </logicalFolder>
    <logicalFolder name="SourceFiles"
                   displayName="Source Files"
                   projectFiles="true">
      <logicalFolder name="f2" displayName="Game Handlers" projectFiles="true">
        <itemPath>../../../src/WorldServer/AbilityHandler.cpp</itemPath>
        <itemPath>../../../src/WorldServer/CombatHandler.cpp</itemPath>
        <itemPath>../../../src/WorldServer/CommandHandler.cpp</itemPath>
        <itemPath>../../../src/WorldServer/NPCHandler.cpp</itemPath>
      </logicalFolder>
      <logicalFolder name="f1" displayName="Server Handlers" projectFiles="true">
        <itemPath>../../../src/WorldServer/CharacterHandler.cpp</itemPath>
        <itemPath>../../../src/WorldServer/WorldAgentHandler.cpp</itemPath>
        <itemPath>../../../src/WorldServer/WorldCharAgentHandler.cpp</itemPath>
        <itemPath>../../../src/WorldServer/WorldCharAgentProjectHandler.cpp</itemPath>
      </logicalFolder>
      <itemPath>../../../src/WorldServer/WorldServer.cpp</itemPath>
    </logicalFolder>
    <logicalFolder name="ExternalFiles"
                   displayName="Important Files"
                   projectFiles="false">
      <itemPath>Makefile</itemPath>
    </logicalFolder>
  </logicalFolder>
  <sourceRootList>
    <Elem>../../../src/WorldServer</Elem>
  </sourceRootList>
  <projectmakefile>Makefile</projectmakefile>
  <confs>
    <conf name="Debug" type="1">
      <toolsSet>
        <developmentServer>localhost</developmentServer>
        <compilerSet>GNU|GNU</compilerSet>
        <platform>2</platform>
      </toolsSet>
      <compileType>
        <cTool>
          <preprocessorList>
            <Elem>_DEBUG</Elem>
          </preprocessorList>
        </cTool>
        <ccTool>
          <commandLine>-lpthread</commandLine>
          <preprocessorList>
            <Elem>_DEBUG</Elem>
          </preprocessorList>
        </ccTool>
        <linkerTool>
          <output>../../../build/${CND_PLATFORM}/${CND_CONF}/WorldServer</output>
          <linkerLibItems>
            <linkerLibProjectItem>
              <makeArtifact PL="../Common"
                            CT="3"
                            CN="Debug"
                            AC="true"
                            BL="true"
                            WD="../Common"
                            BC="${MAKE}  -f Makefile CONF=Debug"
                            CC="${MAKE}  -f Makefile CONF=Debug clean"
                            OP="../../../build/${CND_PLATFORM}/${CND_CONF}/libcommon.a">
              </makeArtifact>
            </linkerLibProjectItem>
            <linkerLibLibItem>mysqlclient</linkerLibLibItem>
          </linkerLibItems>
        </linkerTool>
        <requiredProjects>
          <makeArtifact PL="../Common"
                        CT="3"
                        CN="Debug"
                        AC="true"
                        BL="true"
                        WD="../Common"
                        BC="${MAKE}  -f Makefile CONF=Debug"
                        CC="${MAKE}  -f Makefile CONF=Debug clean"
                        OP="../../../build/GNU-Linux-x86/Debug/libcommon.a">
          </makeArtifact>
        </requiredProjects>
      </compileType>
    </conf>
  </confs>
</configurationDescriptor>
